Subject,manipulation,Manipulation,Stimulation,Session,VisualF,Response,StartTime
S1,Bi,Control,Sham,Pre,Left,0.7090909090909091,280.228733729116
S1,Bi,Control,Sham,Pre,Right,0.5961538461538461,319.0361661038747
S2,UR,Ignored Visual Field,Sham,Pre,Left,0.7321428571428571,318.24238250712887
S2,UR,Attended Visual Field,Sham,Pre,Right,0.6792452830188679,272.57025799620675
S3,UR,Attended Visual Field,Sham,Pre,Right,0.7884615384615384,287.6316379519216
S3,UR,Ignored Visual Field,Sham,Pre,Left,0.7258064516129032,314.95585931773974
S4,UR,Attended Visual Field,Sham,Pre,Right,0.7966101694915254,269.0787869474941
S4,UR,Ignored Visual Field,Sham,Pre,Left,0.7058823529411765,325.34156438632067
S5,UR,Attended Visual Field,Sham,Pre,Right,0.6730769230769231,299.02200322693363
S5,UR,Ignored Visual Field,Sham,Pre,Left,0.9245283018867925,300.39893436416946
S6,UL,Attended Visual Field,Sham,Pre,Left,0.4827586206896552,290.36736598792675
S6,UL,Ignored Visual Field,Sham,Pre,Right,0.6862745098039216,304.09058416666244
S7,UL,Attended Visual Field,Sham,Pre,Left,0.6470588235294118,283.0955975392156
S7,UL,Ignored Visual Field,Sham,Pre,Right,0.71875,316.43465041093737
S8,UR,Attended Visual Field,Sham,Pre,Right,0.6851851851851852,329.4128924703756
S8,UR,Ignored Visual Field,Sham,Pre,Left,0.7543859649122807,263.5365149228111
S9,UR,Attended Visual Field,Sham,Pre,Right,0.625,283.2440350910742
S9,UR,Ignored Visual Field,Sham,Pre,Left,0.6666666666666666,312.82666254815035
S10,UL,Attended Visual Field,Sham,Pre,Left,0.7758620689655172,269.3752710896552
S10,UL,Ignored Visual Field,Sham,Pre,Right,0.5818181818181818,324.81985137454546
S11,UR,Ignored Visual Field,Sham,Pre,Left,0.6206896551724138,277.89579562068434
S11,UR,Attended Visual Field,Sham,Pre,Right,0.7307692307692307,306.9227641173034
S12,Bi,Control,Sham,Pre,Left,0.660377358490566,300.4217154811409
S12,Bi,Control,Sham,Pre,Right,0.7169811320754716,292.2408152151027
S13,UL,Ignored Visual Field,Sham,Pre,Right,0.7407407407407407,305.70153124630235
S13,UL,Attended Visual Field,Sham,Pre,Left,0.6530612244897959,290.7107274163311
S14,Bi,Control,Sham,Pre,Right,0.6590909090909091,291.88453395681785
S14,Bi,Control,Sham,Pre,Left,0.6041666666666666,265.3287053729163
S15,UL,Attended Visual Field,Sham,Pre,Left,0.7037037037037037,300.10521317593225
S15,UL,Ignored Visual Field,Sham,Pre,Right,0.6666666666666666,298.4857658316733
S16,UL,Ignored Visual Field,Sham,Pre,Right,0.6363636363636364,289.70082666727274
S16,UL,Attended Visual Field,Sham,Pre,Left,0.8125,310.90775977708336
S17,UR,Attended Visual Field,Sham,Pre,Right,0.6724137931034483,259.50221273449654
S17,UR,Ignored Visual Field,Sham,Pre,Left,0.8,338.72688114201185
S18,Bi,Control,Sham,Pre,Left,0.6792452830188679,268.42380281882185
S18,Bi,Control,Sham,Pre,Right,0.5471698113207547,329.5305606527781
S19,UL,Ignored Visual Field,Sham,Pre,Right,0.56,291.10876617603003
S19,UL,Attended Visual Field,Sham,Pre,Left,0.6851851851851852,308.03614443151446
S20,UL,Attended Visual Field,Sham,Pre,Left,0.5818181818181818,247.7018999963618
S20,UL,Ignored Visual Field,Sham,Pre,Right,0.6078431372549019,351.76222979803293
S21,Bi,Control,Sham,Pre,Left,0.6842105263157895,281.3185816684224
S21,Bi,Control,Sham,Pre,Right,0.6785714285714286,316.1349342000012
S22,Bi,Control,Sham,Pre,Right,0.6071428571428571,305.7800580284633
S22,Bi,Control,Sham,Pre,Left,0.5714285714285714,289.7755648855943
S23,Bi,Control,Sham,Pre,Left,0.5576923076923077,298.1231690230287
S23,Bi,Control,Sham,Pre,Right,0.7727272727272727,289.7125682772232
S24,Bi,Control,Sham,Pre,Left,0.6136363636363636,302.7752568272727
S24,Bi,Control,Sham,Pre,Right,0.711864406779661,301.10513300508467
S25,UR,Attended Visual Field,Sham,Pre,Right,0.6041666666666666,274.852073320837
S25,UR,Ignored Visual Field,Sham,Pre,Left,0.6271186440677966,317.94199596949426
S26,UR,Ignored Visual Field,Sham,Pre,Left,0.84,290.6017970000033
S26,UR,Attended Visual Field,Sham,Pre,Right,0.8596491228070176,289.4247496631627
S27,UR,Ignored Visual Field,Sham,Pre,Left,0.7916666666666666,255.51987473746945
S27,UR,Attended Visual Field,Sham,Pre,Right,0.75,280.9117235903586
S28,UL,Ignored Visual Field,Sham,Pre,Right,0.7755102040816326,318.22933267551116
S28,UL,Attended Visual Field,Sham,Pre,Left,0.8823529411764706,273.25309284510064
S29,UL,Attended Visual Field,Sham,Pre,Left,0.734375,297.1833449671858
S29,UL,Ignored Visual Field,Sham,Pre,Right,0.6739130434782609,300.3059479239114
S30,UR,Ignored Visual Field,Sham,Pre,Left,0.717948717948718,305.6713165692307
S30,UR,Attended Visual Field,Sham,Pre,Right,0.875,315.7480159875013
S31,Bi,Control,Sham,Pre,Right,0.7931034482758621,317.1660713603407
S31,Bi,Control,Sham,Pre,Left,0.7454545454545455,286.1476772890807
S32,UL,Attended Visual Field,Sham,Pre,Left,0.8148148148148148,309.91004575370386
S32,UL,Ignored Visual Field,Sham,Pre,Right,0.55,287.24544350833344
S33,Bi,Control,Sham,Pre,Left,0.8269230769230769,293.470995303847
S33,Bi,Control,Sham,Pre,Right,0.7358490566037735,301.4956266490574
S34,UL,Ignored Visual Field,Sham,Pre,Right,0.6153846153846154,317.04895630958623
S34,UL,Attended Visual Field,Sham,Pre,Left,0.7090909090909091,280.9747468636075
S35,Bi,Control,Sham,Pre,Left,0.5192307692307693,295.20671452501733
S35,Bi,Control,Sham,Pre,Right,0.7755102040816326,268.36730666328174
S36,UR,Ignored Visual Field,Sham,Pre,Left,0.6727272727272727,309.63825597637543
S36,UR,Attended Visual Field,Sham,Pre,Right,0.639344262295082,286.9084980967321
S37,Bi,Control,Sham,Pre,Left,0.6666666666666666,307.57314539410277
S37,Bi,Control,Sham,Pre,Right,0.6964285714285714,292.7920191017703
S38,UL,Ignored Visual Field,Sham,Pre,Right,0.7446808510638298,263.25615160000797
S38,UL,Attended Visual Field,Sham,Pre,Left,0.6666666666666666,325.5174982177837
S39,Bi,Control,Sham,Pre,Left,0.8409090909090909,294.4030128931891
S39,Bi,Control,Sham,Pre,Right,0.5714285714285714,248.28423556250735
S1,Bi,Control,Sham,Post_1,Right,0.609375,303.7044601609614
S1,Bi,Control,Sham,Post_1,Left,0.8695652173913043,281.0351116804548
S2,UR,Attended Visual Field,Sham,Post_1,Right,0.74,284.5061355240014
S2,UR,Ignored Visual Field,Sham,Post_1,Left,0.7090909090909091,311.1778867963638
S3,UR,Attended Visual Field,Sham,Post_1,Right,0.5555555555555556,319.2956475962961
S3,UR,Ignored Visual Field,Sham,Post_1,Left,0.8181818181818182,279.8678923472725
S4,UR,Attended Visual Field,Sham,Post_1,Right,0.8085106382978723,285.19781469360754
S4,UR,Ignored Visual Field,Sham,Post_1,Left,0.7321428571428571,292.21857488035624
S5,UR,Attended Visual Field,Sham,Post_1,Right,0.7333333333333333,281.96339017779616
S5,UR,Ignored Visual Field,Sham,Post_1,Left,0.9298245614035088,318.61630451581806
S6,UL,Ignored Visual Field,Sham,Post_1,Right,0.75,305.2810239464275
S6,UL,Attended Visual Field,Sham,Post_1,Left,0.5344827586206896,296.5520888879335
S7,UL,Ignored Visual Field,Sham,Post_1,Right,0.6851851851851852,297.12302036851844
S7,UL,Attended Visual Field,Sham,Post_1,Left,0.7704918032786885,300.0748569426228
S8,UR,Ignored Visual Field,Sham,Post_1,Left,0.7894736842105263,270.61100533334417
S8,UR,Attended Visual Field,Sham,Post_1,Right,0.5918367346938775,324.0085323183745
S9,UR,Ignored Visual Field,Sham,Post_1,Left,0.8095238095238095,269.0990180190468
S9,UR,Attended Visual Field,Sham,Post_1,Right,0.7169811320754716,306.8137582396222
S10,UL,Ignored Visual Field,Sham,Post_1,Right,0.8135593220338984,273.58047811016974
S10,UL,Attended Visual Field,Sham,Post_1,Left,0.8679245283018868,324.2188715000002
S11,UR,Ignored Visual Field,Sham,Post_1,Left,0.8909090909090909,307.0946583199955
S11,UR,Attended Visual Field,Sham,Post_1,Right,0.8301886792452831,275.3240570132028
S12,Bi,Control,Sham,Post_1,Right,0.5573770491803278,282.8491075687706
S12,Bi,Control,Sham,Post_1,Left,0.78,306.67691715791824
S13,UL,Ignored Visual Field,Sham,Post_1,Right,0.717391304347826,288.5729636847682
S13,UL,Attended Visual Field,Sham,Post_1,Left,0.5769230769230769,288.8404395672864
S14,Bi,Control,Sham,Post_1,Left,0.6346153846153846,286.823862851923
S14,Bi,Control,Sham,Post_1,Right,0.7592592592592593,310.818938090741
S15,UL,Attended Visual Field,Sham,Post_1,Left,0.7454545454545455,305.58524483999406
S15,UL,Ignored Visual Field,Sham,Post_1,Right,0.75,291.0426931183288
S16,UL,Ignored Visual Field,Sham,Post_1,Right,0.8275862068965517,307.36759623793074
S16,UL,Attended Visual Field,Sham,Post_1,Left,0.8867924528301887,279.90048104528273
S17,UR,Attended Visual Field,Sham,Post_1,Right,0.7777777777777778,292.4510559500141
S17,UR,Ignored Visual Field,Sham,Post_1,Left,0.9347826086956522,284.7707086130572
S18,Bi,Control,Sham,Post_1,Left,0.5357142857142857,281.4997304177544
S18,Bi,Control,Sham,Post_1,Right,0.5849056603773585,320.8249771338624
S19,UL,Ignored Visual Field,Sham,Post_1,Right,0.7346938775510204,311.1907911734983
S19,UL,Attended Visual Field,Sham,Post_1,Left,0.8596491228070176,281.3477550912587
S20,UL,Ignored Visual Field,Sham,Post_1,Right,0.7272727272727273,316.57985803410304
S20,UL,Attended Visual Field,Sham,Post_1,Left,0.631578947368421,282.5188174315957
S21,Bi,Control,Sham,Post_1,Right,0.6071428571428571,284.71751894464927
S21,Bi,Control,Sham,Post_1,Left,0.5666666666666667,311.28361703000604
S22,Bi,Control,Sham,Post_1,Left,0.7741935483870968,298.0502362450765
S22,Bi,Control,Sham,Post_1,Right,0.7407407407407407,301.09457647954804
S23,Bi,Control,Sham,Post_1,Right,0.6944444444444444,273.6595229165784
S23,Bi,Control,Sham,Post_1,Left,0.7230769230769231,323.86959189221335
S24,Bi,Control,Sham,Post_1,Right,0.5952380952380952,265.8394076428572
S24,Bi,Control,Sham,Post_1,Left,0.5208333333333334,275.05664999791674
S25,UR,Attended Visual Field,Sham,Post_1,Right,0.7758620689655172,303.41664587758135
S25,UR,Ignored Visual Field,Sham,Post_1,Left,0.6545454545454545,293.7926408672679
S26,UR,Ignored Visual Field,Sham,Post_1,Left,0.9183673469387755,322.7131782775541
S26,UR,Attended Visual Field,Sham,Post_1,Right,0.6428571428571429,266.6171052214312
S27,UR,Ignored Visual Field,Sham,Post_1,Left,0.8653846153846154,284.84022435962555
S27,UR,Attended Visual Field,Sham,Post_1,Right,0.7678571428571429,294.8792710446505
S28,UL,Ignored Visual Field,Sham,Post_1,Right,0.7192982456140351,278.00817939999314
S28,UL,Attended Visual Field,Sham,Post_1,Left,0.8163265306122449,306.5360742489711
S29,UL,Ignored Visual Field,Sham,Post_1,Right,0.6792452830188679,292.7640916641514
S29,UL,Attended Visual Field,Sham,Post_1,Left,0.7241379310344828,301.0565562413799
S30,UR,Attended Visual Field,Sham,Post_1,Right,0.8367346938775511,288.18228632857137
S30,UR,Ignored Visual Field,Sham,Post_1,Left,0.851063829787234,292.93786278723223
S31,Bi,Control,Sham,Post_1,Left,0.8166666666666667,285.0278559466921
S31,Bi,Control,Sham,Post_1,Right,0.8928571428571429,311.4541851464538
S32,UL,Attended Visual Field,Sham,Post_1,Left,0.625,315.7732399171876
S32,UL,Ignored Visual Field,Sham,Post_1,Right,0.7254901960784313,281.40161616470596
S33,Bi,Control,Sham,Post_1,Left,0.7833333333333333,285.8087236516694
S33,Bi,Control,Sham,Post_1,Right,0.6170212765957447,305.5672055808539
S34,UL,Attended Visual Field,Sham,Post_1,Left,0.8727272727272727,280.5910646672784
S34,UL,Ignored Visual Field,Sham,Post_1,Right,0.7111111111111111,303.69324852889406
S35,Bi,Control,Sham,Post_1,Left,0.5573770491803278,305.1469345737934
S35,Bi,Control,Sham,Post_1,Right,0.5818181818181818,285.8720613018398
S36,UR,Ignored Visual Field,Sham,Post_1,Left,0.8928571428571429,254.70414348932016
S36,UR,Attended Visual Field,Sham,Post_1,Right,0.6,338.51306531004957
S37,Bi,Control,Sham,Post_1,Left,0.6326530612244898,288.49481468775895
S37,Bi,Control,Sham,Post_1,Right,0.7,329.63724475800524
S38,UL,Attended Visual Field,Sham,Post_1,Left,0.75,292.3722342346082
S38,UL,Ignored Visual Field,Sham,Post_1,Right,0.8297872340425532,304.0302065787162
S39,Bi,Control,Sham,Post_1,Left,0.8064516129032258,282.81163146290737
S39,Bi,Control,Sham,Post_1,Right,0.6274509803921569,312.28803182549416
S1,Bi,Control,Sham,Post_2,Left,0.7924528301886793,314.4166304905798
S1,Bi,Control,Sham,Post_2,Right,0.5892857142857143,280.0223954696495
S2,UR,Attended Visual Field,Sham,Post_2,Right,0.7413793103448276,288.0404089930415
S2,UR,Ignored Visual Field,Sham,Post_2,Left,0.7450980392156863,306.4486469097513
S3,UR,Attended Visual Field,Sham,Post_2,Right,0.6923076923076923,274.72497725192557
S3,UR,Ignored Visual Field,Sham,Post_2,Left,0.8103448275862069,316.2363855068999
S4,UR,Attended Visual Field,Sham,Post_2,Right,0.6379310344827587,282.9485133862392
S4,UR,Ignored Visual Field,Sham,Post_2,Left,0.7,304.7277171280421
S5,UR,Attended Visual Field,Sham,Post_2,Right,0.9183673469387755,247.56545083062505
S5,UR,Ignored Visual Field,Sham,Post_2,Left,0.9482758620689655,342.5691215362167
S6,UL,Ignored Visual Field,Sham,Post_2,Right,0.6428571428571429,317.80941813571087
S6,UL,Attended Visual Field,Sham,Post_2,Left,0.5789473684210527,280.5458058403476
S7,UL,Ignored Visual Field,Sham,Post_2,Right,0.6607142857142857,291.72773122321394
S7,UL,Attended Visual Field,Sham,Post_2,Left,0.7931034482758621,307.4669925224134
S8,UR,Ignored Visual Field,Sham,Post_2,Left,0.8,288.2176296127833
S8,UR,Attended Visual Field,Sham,Post_2,Right,0.56,303.9436622920493
S9,UR,Attended Visual Field,Sham,Post_2,Right,0.6491228070175439,277.61728186140283
S9,UR,Ignored Visual Field,Sham,Post_2,Left,0.7547169811320755,323.1401271264144
S10,UL,Ignored Visual Field,Sham,Post_2,Right,0.7636363636363637,286.4359577872728
S10,UL,Attended Visual Field,Sham,Post_2,Left,0.875,308.9217028214287
S11,UR,Ignored Visual Field,Sham,Post_2,Left,0.8363636363636363,296.5000368581799
S11,UR,Attended Visual Field,Sham,Post_2,Right,0.8596491228070176,296.80437689122493
S12,Bi,Control,Sham,Post_2,Left,0.6949152542372882,309.0849489474717
S12,Bi,Control,Sham,Post_2,Right,0.6071428571428571,290.78988797145263
S13,UL,Attended Visual Field,Sham,Post_2,Left,0.6607142857142857,282.11064129105216
S13,UL,Ignored Visual Field,Sham,Post_2,Right,0.7708333333333334,291.82757022706454
S14,Bi,Control,Sham,Post_2,Right,0.8518518518518519,274.6169040814834
S14,Bi,Control,Sham,Post_2,Left,0.5652173913043478,286.7740598369582
S15,UL,Attended Visual Field,Sham,Post_2,Left,0.6833333333333333,298.00461448166027
S15,UL,Ignored Visual Field,Sham,Post_2,Right,0.6727272727272727,298.9333210927201
S16,UL,Ignored Visual Field,Sham,Post_2,Right,0.7931034482758621,269.4089989603446
S16,UL,Attended Visual Field,Sham,Post_2,Left,0.7777777777777778,328.5694482703702
S17,UR,Ignored Visual Field,Sham,Post_2,Left,0.9615384615384616,309.1185103172924
S17,UR,Attended Visual Field,Sham,Post_2,Right,0.7916666666666666,277.21994271456305
S18,Bi,Control,Sham,Post_2,Left,0.6346153846153846,292.57914063089993
S18,Bi,Control,Sham,Post_2,Right,0.7719298245614035,305.2859450685138
S19,UL,Ignored Visual Field,Sham,Post_2,Right,0.6428571428571429,307.1084864571125
S19,UL,Attended Visual Field,Sham,Post_2,Left,0.8727272727272727,291.62898026179226
S20,UL,Attended Visual Field,Sham,Post_2,Left,0.6792452830188679,305.3239697320837
S20,UL,Ignored Visual Field,Sham,Post_2,Right,0.5454545454545454,290.75127652364637
S21,Bi,Control,Sham,Post_2,Left,0.5833333333333334,287.4782953133397
S21,Bi,Control,Sham,Post_2,Right,0.7090909090909091,318.4370976163707
S22,Bi,Control,Sham,Post_2,Left,0.6101694915254238,288.66710853895125
S22,Bi,Control,Sham,Post_2,Right,0.7142857142857143,311.76068546068774
S23,Bi,Control,Sham,Post_2,Left,0.6666666666666666,313.09652755916534
S23,Bi,Control,Sham,Post_2,Right,0.6666666666666666,279.80488658324856
S24,Bi,Control,Sham,Post_2,Left,0.7450980392156863,336.26976881176455
S24,Bi,Control,Sham,Post_2,Right,0.7818181818181819,272.5180981963635
S25,UR,Attended Visual Field,Sham,Post_2,Right,0.6896551724137931,335.5632119775809
S25,UR,Ignored Visual Field,Sham,Post_2,Left,0.72,247.8681181879944
S26,UR,Ignored Visual Field,Sham,Post_2,Left,0.8,298.1324476727311
S26,UR,Attended Visual Field,Sham,Post_2,Right,0.7924528301886793,277.66706083396497
S27,UR,Attended Visual Field,Sham,Post_2,Right,0.7169811320754716,329.56442277172454
S27,UR,Ignored Visual Field,Sham,Post_2,Left,0.847457627118644,271.76993982036504
S28,UL,Attended Visual Field,Sham,Post_2,Left,0.8666666666666667,313.69301545554384
S28,UL,Ignored Visual Field,Sham,Post_2,Right,0.6724137931034483,272.12805569998955
S29,UL,Ignored Visual Field,Sham,Post_2,Right,0.5789473684210527,295.0918119175424
S29,UL,Attended Visual Field,Sham,Post_2,Left,0.7358490566037735,301.0180077245269
S30,UR,Attended Visual Field,Sham,Post_2,Right,0.8571428571428571,295.37150384490593
S30,UR,Ignored Visual Field,Sham,Post_2,Left,0.9183673469387755,296.71930240001114
S31,Bi,Control,Sham,Post_2,Left,0.85,283.9568817100216
S31,Bi,Control,Sham,Post_2,Right,0.8392857142857143,312.56126815538613
S32,UL,Ignored Visual Field,Sham,Post_2,Right,0.7454545454545455,301.28828099090885
S32,UL,Attended Visual Field,Sham,Post_2,Left,0.7213114754098361,298.6011720606555
S33,Bi,Control,Sham,Post_2,Left,0.7692307692307693,286.52636969231247
S33,Bi,Control,Sham,Post_2,Right,0.5535714285714286,302.4193015160755
S34,UL,Attended Visual Field,Sham,Post_2,Left,0.7142857142857143,292.52690424691593
S34,UL,Ignored Visual Field,Sham,Post_2,Right,0.6862745098039216,306.3505439450816
S35,Bi,Control,Sham,Post_2,Left,0.54,305.17679601197483
S35,Bi,Control,Sham,Post_2,Right,0.532258064516129,291.7305648370717
S36,UR,Ignored Visual Field,Sham,Post_2,Left,0.8867924528301887,303.38470183961965
S36,UR,Attended Visual Field,Sham,Post_2,Right,0.5538461538461539,292.5410391153911
S37,Bi,Control,Sham,Post_2,Left,0.5849056603773585,303.5815437528006
S37,Bi,Control,Sham,Post_2,Right,0.6111111111111112,296.8423890851522
S38,UL,Attended Visual Field,Sham,Post_2,Left,0.7735849056603774,311.77842290000467
S38,UL,Ignored Visual Field,Sham,Post_2,Right,0.6458333333333334,277.62868452500487
S39,Bi,Control,Sham,Post_2,Right,0.6379310344827587,295.87295460172203
S39,Bi,Control,Sham,Post_2,Left,0.8909090909090909,294.3254626454529
S1,Bi,Control,Active,Pre,Right,0.6727272727272727,294.55968451089524
S1,Bi,Control,Active,Pre,Left,0.7441860465116279,298.9831865418474
S2,UR,Ignored Visual Field,Active,Pre,Left,0.7962962962962963,295.71289501476525
S2,UR,Attended Visual Field,Active,Pre,Right,0.8214285714285714,296.47596419817586
S3,UR,Ignored Visual Field,Active,Pre,Left,0.8958333333333334,297.1342555749995
S3,UR,Attended Visual Field,Active,Pre,Right,0.7936507936507936,297.5388510111114
S4,UR,Ignored Visual Field,Active,Pre,Left,0.7321428571428571,266.57462618750077
S4,UR,Attended Visual Field,Active,Pre,Right,0.7586206896551724,325.49705139825977
S5,UR,Ignored Visual Field,Active,Pre,Left,0.6808510638297872,304.8501785850856
S5,UR,Attended Visual Field,Active,Pre,Right,0.4444444444444444,283.9984719851604
S6,UL,Ignored Visual Field,Active,Pre,Right,0.6666666666666666,297.3576008298326
S6,UL,Attended Visual Field,Active,Pre,Left,0.9183673469387755,294.68747429185004
S7,UL,Attended Visual Field,Active,Pre,Left,0.7843137254901961,283.32476177852254
S7,UL,Ignored Visual Field,Active,Pre,Right,0.8214285714285714,314.1071587447368
S8,UR,Attended Visual Field,Active,Pre,Right,0.7735849056603774,322.5315460132041
S8,UR,Ignored Visual Field,Active,Pre,Left,0.8363636363636363,261.6957715236317
S9,UR,Ignored Visual Field,Active,Pre,Left,0.4827586206896552,264.2130011275891
S9,UR,Attended Visual Field,Active,Pre,Right,0.6071428571428571,336.182525551788
S10,UL,Attended Visual Field,Active,Pre,Left,0.85,295.7552006233333
S10,UL,Ignored Visual Field,Active,Pre,Right,0.5471698113207547,306.268328926415
S11,UR,Attended Visual Field,Active,Pre,Right,0.6721311475409836,293.21686629016403
S11,UR,Ignored Visual Field,Active,Pre,Left,0.7924528301886793,301.9162773962265
S12,Bi,Control,Active,Pre,Right,0.782608695652174,294.48951346531976
S12,Bi,Control,Active,Pre,Left,0.90625,307.89324244541785
S13,UL,Attended Visual Field,Active,Pre,Left,0.851063829787234,325.18127034680856
S13,UL,Ignored Visual Field,Active,Pre,Right,0.66,298.792736846
S14,Bi,Control,Active,Pre,Right,0.75,275.75945852497375
S14,Bi,Control,Active,Pre,Left,0.5609756097560976,301.9051837511815
S15,UL,Attended Visual Field,Active,Pre,Left,0.7884615384615384,318.47282695191825
S15,UL,Ignored Visual Field,Active,Pre,Right,0.5901639344262295,284.3079037278636
S16,UL,Attended Visual Field,Active,Pre,Left,0.75,305.7325178807692
S16,UL,Ignored Visual Field,Active,Pre,Right,0.8333333333333334,294.75911723333337
S17,UR,Ignored Visual Field,Active,Pre,Left,0.8392857142857143,322.2726797089334
S17,UR,Attended Visual Field,Active,Pre,Right,0.5283018867924528,265.699706428307
S18,Bi,Control,Active,Pre,Right,0.6521739130434783,282.98033817166606
S18,Bi,Control,Active,Pre,Left,0.7068965517241379,310.5723070051152
S19,UL,Ignored Visual Field,Active,Pre,Right,0.5882352941176471,283.3586584705895
S19,UL,Attended Visual Field,Active,Pre,Left,0.7647058823529411,304.8446653137245
S20,UL,Attended Visual Field,Active,Pre,Left,0.45098039215686275,316.7463362117648
S20,UL,Ignored Visual Field,Active,Pre,Right,0.7090909090909091,281.3952258763637
S21,Bi,Control,Active,Pre,Left,0.734375,289.6773997905184
S21,Bi,Control,Active,Pre,Right,0.6875,311.9942616936557
S22,Bi,Control,Active,Pre,Right,0.7796610169491526,307.16232642881084
S22,Bi,Control,Active,Pre,Left,0.6415094339622641,286.28254743773306
S23,Bi,Control,Active,Pre,Left,0.7547169811320755,300.11792979811173
S23,Bi,Control,Active,Pre,Right,0.7547169811320755,299.27703546603635
S24,Bi,Control,Active,Pre,Left,0.660377358490566,311.13671743207203
S24,Bi,Control,Active,Pre,Right,0.5689655172413793,292.6250863586139
S25,UR,Ignored Visual Field,Active,Pre,Left,0.75,314.22090548750015
S25,UR,Attended Visual Field,Active,Pre,Right,0.6363636363636364,276.50730820545465
S26,UR,Ignored Visual Field,Active,Pre,Left,0.75,308.69332409614213
S26,UR,Attended Visual Field,Active,Pre,Right,0.6595744680851063,266.1079291233922
S27,UR,Ignored Visual Field,Active,Pre,Left,0.6153846153846154,277.8776100884587
S27,UR,Attended Visual Field,Active,Pre,Right,0.509090909090909,321.42516454544915
S28,UL,Ignored Visual Field,Active,Pre,Right,0.7954545454545454,280.53301693409594
S28,UL,Attended Visual Field,Active,Pre,Left,0.7307692307692307,295.39073995769456
S29,UL,Ignored Visual Field,Active,Pre,Right,0.56,304.48967016200015
S29,UL,Attended Visual Field,Active,Pre,Left,0.7142857142857143,291.2912136775511
S30,UR,Ignored Visual Field,Active,Pre,Left,0.7755102040816326,299.98389736734697
S30,UR,Attended Visual Field,Active,Pre,Right,0.7678571428571429,288.66729990357146
S31,Bi,Control,Active,Pre,Left,0.6727272727272727,306.7214890454541
S31,Bi,Control,Active,Pre,Right,0.7586206896551724,287.6512706206892
S32,UL,Ignored Visual Field,Active,Pre,Right,0.8163265306122449,313.24511177551324
S32,UL,Attended Visual Field,Active,Pre,Left,0.7037037037037037,286.60291365741165
S33,Bi,Control,Active,Pre,Left,0.6346153846153846,320.53809896346104
S33,Bi,Control,Active,Pre,Right,0.6226415094339622,281.4888274245278
S34,UL,Attended Visual Field,Active,Pre,Left,0.7916666666666666,314.6403853395993
S34,UL,Ignored Visual Field,Active,Pre,Right,0.6181818181818182,269.97370143638165
S35,Bi,Control,Active,Pre,Left,0.6896551724137931,277.9948768862152
S35,Bi,Control,Active,Pre,Right,0.7777777777777778,319.433196122231
S36,UR,Attended Visual Field,Active,Pre,Right,0.576271186440678,316.0213621474834
S36,UR,Ignored Visual Field,Active,Pre,Left,0.64,278.7870023260184
S37,Bi,Control,Active,Pre,Right,0.7931034482758621,299.9370344930744
S37,Bi,Control,Active,Pre,Left,0.5185185185185185,290.92190943515527
S38,UL,Ignored Visual Field,Active,Pre,Right,0.74,323.4213961859998
S38,UL,Attended Visual Field,Active,Pre,Left,0.5208333333333334,268.33837499999987
S39,Bi,Control,Active,Pre,Left,0.8214285714285714,287.79602685534286
S39,Bi,Control,Active,Pre,Right,0.5272727272727272,307.75229183998783
S1,Bi,Control,Active,Post_1,Left,0.7777777777777778,316.5435997944463
S1,Bi,Control,Active,Post_1,Right,0.673469387755102,272.16524828163307
S2,UR,Ignored Visual Field,Active,Post_1,Left,0.7666666666666667,285.6878871250083
S2,UR,Attended Visual Field,Active,Post_1,Right,0.6595744680851063,307.7383474446858
S3,UR,Attended Visual Field,Active,Post_1,Right,0.7924528301886793,276.2827506301884
S3,UR,Ignored Visual Field,Active,Post_1,Left,0.7966101694915254,318.78639077627116
S4,UR,Attended Visual Field,Active,Post_1,Right,0.7222222222222222,302.99835912963266
S4,UR,Ignored Visual Field,Active,Post_1,Left,0.6545454545454545,271.8063791854455
S5,UR,Ignored Visual Field,Active,Post_1,Left,0.8163265306122449,326.9125186285938
S5,UR,Attended Visual Field,Active,Post_1,Right,0.6346153846153846,266.5542969269423
S6,UL,Attended Visual Field,Active,Post_1,Left,0.6181818181818182,332.8355826654461
S6,UL,Ignored Visual Field,Active,Post_1,Right,0.6896551724137931,267.57191841206054
S7,UL,Attended Visual Field,Active,Post_1,Left,0.8545454545454545,302.850319676406
S7,UL,Ignored Visual Field,Active,Post_1,Right,0.847457627118644,296.94572758139503
S8,UR,Ignored Visual Field,Active,Post_1,Left,0.92,300.8764937319979
S8,UR,Attended Visual Field,Active,Post_1,Right,0.7719298245614035,298.23581949824296
S9,UR,Attended Visual Field,Active,Post_1,Right,0.5892857142857143,294.5813750874955
S9,UR,Ignored Visual Field,Active,Post_1,Left,0.5087719298245614,301.03011805964366
S10,UL,Ignored Visual Field,Active,Post_1,Right,0.7142857142857143,290.05687023333303
S10,UL,Attended Visual Field,Active,Post_1,Left,0.8,311.4723197319996
S11,UR,Ignored Visual Field,Active,Post_1,Left,0.6428571428571429,299.4556502035712
S11,UR,Attended Visual Field,Active,Post_1,Right,0.6779661016949152,298.0094947508472
S12,Bi,Control,Active,Post_1,Left,0.72,286.0368099519703
S12,Bi,Control,Active,Post_1,Right,0.660377358490566,297.81459267357064
S13,UL,Ignored Visual Field,Active,Post_1,Right,0.78,290.8557784019997
S13,UL,Attended Visual Field,Active,Post_1,Left,0.6862745098039216,302.104557905882
S14,Bi,Control,Active,Post_1,Right,0.7446808510638298,285.16077625530056
S14,Bi,Control,Active,Post_1,Left,0.5172413793103449,308.9413488654978
S15,UL,Attended Visual Field,Active,Post_1,Left,0.8113207547169812,256.98397482830603
S15,UL,Ignored Visual Field,Active,Post_1,Right,0.640625,333.8309286250046
S16,UL,Ignored Visual Field,Active,Post_1,Right,0.8214285714285714,295.65178405178597
S16,UL,Attended Visual Field,Active,Post_1,Left,0.9259259259259259,304.0050191370373
S17,UR,Attended Visual Field,Active,Post_1,Right,0.47368421052631576,294.4844021263163
S17,UR,Ignored Visual Field,Active,Post_1,Left,0.7647058823529411,288.7776317039223
S18,Bi,Control,Active,Post_1,Left,0.7083333333333334,302.6542394959106
S18,Bi,Control,Active,Post_1,Right,0.5686274509803921,283.89853235302655
S19,UL,Ignored Visual Field,Active,Post_1,Right,0.6938775510204082,293.5034876204065
S19,UL,Attended Visual Field,Active,Post_1,Left,0.58,300.52673559199786
S20,UL,Attended Visual Field,Active,Post_1,Left,0.7719298245614035,314.40863051052617
S20,UL,Ignored Visual Field,Active,Post_1,Right,0.75,277.03416609807687
S21,Bi,Control,Active,Post_1,Left,0.5555555555555556,308.2355486389629
S21,Bi,Control,Active,Post_1,Right,0.5245901639344263,292.065927860724
S22,Bi,Control,Active,Post_1,Left,0.7017543859649122,291.8024470403501
S22,Bi,Control,Active,Post_1,Right,0.7454545454545455,321.70746271818103
S23,Bi,Control,Active,Post_1,Right,0.7555555555555555,311.72318958666904
S23,Bi,Control,Active,Post_1,Left,0.7166666666666667,304.79793681000206
S24,Bi,Control,Active,Post_1,Right,0.625,264.4739844174721
S24,Bi,Control,Active,Post_1,Left,0.7435897435897436,327.14169765638263
S25,UR,Attended Visual Field,Active,Post_1,Right,0.5882352941176471,276.483883537255
S25,UR,Ignored Visual Field,Active,Post_1,Left,0.5192307692307693,320.01908580961543
S26,UR,Ignored Visual Field,Active,Post_1,Left,0.9137931034482759,298.8717102448121
S26,UR,Attended Visual Field,Active,Post_1,Right,0.52,283.20496895398713
S27,UR,Ignored Visual Field,Active,Post_1,Left,0.7222222222222222,314.68431133334417
S27,UR,Attended Visual Field,Active,Post_1,Right,0.6666666666666666,286.2225884087833
S28,UL,Ignored Visual Field,Active,Post_1,Right,0.6666666666666666,284.13208439630773
S28,UL,Attended Visual Field,Active,Post_1,Left,0.8148148148148148,311.2521697333464
S29,UL,Ignored Visual Field,Active,Post_1,Right,0.4339622641509434,300.75565875094384
S29,UL,Attended Visual Field,Active,Post_1,Left,0.5471698113207547,292.10785004339664
S30,UR,Ignored Visual Field,Active,Post_1,Left,0.8269230769230769,316.93681267115414
S30,UR,Attended Visual Field,Active,Post_1,Right,0.7777777777777778,287.30894759814834
S31,Bi,Control,Active,Post_1,Right,0.7540983606557377,299.0653576213124
S31,Bi,Control,Active,Post_1,Left,0.6037735849056604,296.7161258603773
S32,UL,Attended Visual Field,Active,Post_1,Left,0.7884615384615384,295.176197338469
S32,UL,Ignored Visual Field,Active,Post_1,Right,0.6666666666666666,277.8697578375074
S33,Bi,Control,Active,Post_1,Left,0.6851851851851852,283.84295090740693
S33,Bi,Control,Active,Post_1,Right,0.52,308.3734646619994
S34,UL,Attended Visual Field,Active,Post_1,Left,0.6458333333333334,314.7960019312377
S34,UL,Ignored Visual Field,Active,Post_1,Right,0.5714285714285714,266.8920391918224
S35,Bi,Control,Active,Post_1,Right,0.6037735849056604,273.48115707736764
S35,Bi,Control,Active,Post_1,Left,0.631578947368421,323.14439235088156
S36,UR,Attended Visual Field,Active,Post_1,Right,0.55,280.0468067650014
S36,UR,Ignored Visual Field,Active,Post_1,Left,0.49122807017543857,313.47430249122624
S37,Bi,Control,Active,Post_1,Right,0.7017543859649122,308.0143830999773
S37,Bi,Control,Active,Post_1,Left,0.6226415094339622,272.9630292962044
S38,UL,Ignored Visual Field,Active,Post_1,Right,0.5740740740740741,307.18965014444484
S38,UL,Attended Visual Field,Active,Post_1,Left,0.62,286.75109609200047
S39,Bi,Control,Active,Post_1,Right,0.5740740740740741,290.0315030092617
S39,Bi,Control,Active,Post_1,Left,0.8103448275862069,305.50583524310684
S1,Bi,Control,Active,Post_2,Left,0.8867924528301887,290.3650027584847
S1,Bi,Control,Active,Post_2,Right,0.6785714285714286,305.0314233321369
S2,UR,Attended Visual Field,Active,Post_2,Right,0.8421052631578947,287.7654409701487
S2,UR,Ignored Visual Field,Active,Post_2,Left,0.803921568627451,305.4509994411526
S3,UR,Attended Visual Field,Active,Post_2,Right,0.6538461538461539,298.0969365019191
S3,UR,Ignored Visual Field,Active,Post_2,Left,0.9166666666666666,298.10728853666274
S4,UR,Attended Visual Field,Active,Post_2,Right,0.6851851851851852,284.67251468699044
S4,UR,Ignored Visual Field,Active,Post_2,Left,0.6557377049180327,299.02665682453244
S5,UR,Attended Visual Field,Active,Post_2,Right,0.5892857142857143,291.8092892446262
S5,UR,Ignored Visual Field,Active,Post_2,Left,0.8125,296.95983652706974
S6,UL,Ignored Visual Field,Active,Post_2,Right,0.660377358490566,276.19349397738347
S6,UL,Attended Visual Field,Active,Post_2,Left,0.603448275862069,320.48732290174894
S7,UL,Attended Visual Field,Active,Post_2,Left,0.7924528301886793,297.66214628305005
S7,UL,Ignored Visual Field,Active,Post_2,Right,0.8245614035087719,305.5120077579029
S8,UR,Attended Visual Field,Active,Post_2,Right,0.7966101694915254,316.56210053559334
S8,UR,Ignored Visual Field,Active,Post_2,Left,0.803921568627451,268.88015072352846
S9,UR,Ignored Visual Field,Active,Post_2,Left,0.5806451612903226,285.0496310258168
S9,UR,Attended Visual Field,Active,Post_2,Right,0.7073170731707317,300.83624315122853
S10,UL,Ignored Visual Field,Active,Post_2,Right,0.6491228070175439,318.85136231052655
S10,UL,Attended Visual Field,Active,Post_2,Left,0.7931034482758621,278.39444014137945
S11,UR,Attended Visual Field,Active,Post_2,Right,0.6923076923076923,316.5835417019229
S11,UR,Ignored Visual Field,Active,Post_2,Left,0.8387096774193549,283.56828691935465
S12,Bi,Control,Active,Post_2,Left,0.8181818181818182,319.70520769641735
S12,Bi,Control,Active,Post_2,Right,0.6666666666666666,275.98163659821904
S13,UL,Ignored Visual Field,Active,Post_2,Right,0.7222222222222222,235.68401552500038
S13,UL,Attended Visual Field,Active,Post_2,Left,0.6585365853658537,278.7777545170735
S14,Bi,Control,Active,Post_2,Right,0.6666666666666666,300.07491632569827
S14,Bi,Control,Active,Post_2,Left,0.6530612244897959,291.91389712648066
S15,UL,Ignored Visual Field,Active,Post_2,Right,0.6206896551724138,306.6724927017274
S15,UL,Attended Visual Field,Active,Post_2,Left,0.6949152542372882,291.16696846102104
S16,UL,Attended Visual Field,Active,Post_2,Left,0.9193548387096774,313.65760949677457
S16,UL,Ignored Visual Field,Active,Post_2,Right,0.78,282.05747704800035
S17,UR,Attended Visual Field,Active,Post_2,Right,0.4807692307692308,296.3289416884643
S17,UR,Ignored Visual Field,Active,Post_2,Left,0.7321428571428571,290.9750473607172
S18,Bi,Control,Active,Post_2,Left,0.68,332.74172699799294
S18,Bi,Control,Active,Post_2,Right,0.7678571428571429,264.07566362321296
S19,UL,Ignored Visual Field,Active,Post_2,Right,0.6111111111111112,266.6365619259245
S19,UL,Attended Visual Field,Active,Post_2,Left,0.68,320.5820027279999
S20,UL,Attended Visual Field,Active,Post_2,Left,0.6590909090909091,298.5819620636367
S20,UL,Ignored Visual Field,Active,Post_2,Right,0.5932203389830508,311.5115075186443
S21,Bi,Control,Active,Post_2,Right,0.6290322580645161,281.3947306773813
S21,Bi,Control,Active,Post_2,Left,0.6851851851851852,321.25487278513526
S22,Bi,Control,Active,Post_2,Right,0.8245614035087719,303.0146662263134
S22,Bi,Control,Active,Post_2,Left,0.5660377358490566,289.9479128716951
S23,Bi,Control,Active,Post_2,Right,0.7346938775510204,253.341160591838
S23,Bi,Control,Active,Post_2,Left,0.6607142857142857,328.26467948214395
S24,Bi,Control,Active,Post_2,Left,0.6,259.768947306666
S24,Bi,Control,Active,Post_2,Right,0.6388888888888888,252.53970531666224
S25,UR,Ignored Visual Field,Active,Post_2,Left,0.631578947368421,301.5907453210522
S25,UR,Attended Visual Field,Active,Post_2,Right,0.5094339622641509,292.9694296528298
S26,UR,Ignored Visual Field,Active,Post_2,Left,0.86,282.42211352000305
S26,UR,Attended Visual Field,Active,Post_2,Right,0.7457627118644068,313.4848861898344
S27,UR,Ignored Visual Field,Active,Post_2,Left,0.7192982456140351,287.3571931122876
S27,UR,Attended Visual Field,Active,Post_2,Right,0.5818181818181818,308.74370541637285
S28,UL,Attended Visual Field,Active,Post_2,Left,0.7457627118644068,302.2072959457696
S28,UL,Ignored Visual Field,Active,Post_2,Right,0.5918367346938775,287.5501566244935
S29,UL,Attended Visual Field,Active,Post_2,Left,0.5333333333333333,254.1255271288893
S29,UL,Ignored Visual Field,Active,Post_2,Right,0.45454545454545453,269.701695170455
S30,UR,Attended Visual Field,Active,Post_2,Right,0.7358490566037735,246.17131865849038
S30,UR,Ignored Visual Field,Active,Post_2,Left,0.5714285714285714,343.4809533734692
S31,Bi,Control,Active,Post_2,Right,0.6935483870967742,309.26784057741946
S31,Bi,Control,Active,Post_2,Left,0.6037735849056604,284.6963034037752
S32,UL,Attended Visual Field,Active,Post_2,Left,0.6904761904761905,178.5642144809563
S32,UL,Ignored Visual Field,Active,Post_2,Right,0.7894736842105263,293.36091326316165
S33,Bi,Control,Active,Post_2,Right,0.6363636363636364,297.1404212690911
S33,Bi,Control,Active,Post_2,Left,0.7719298245614035,300.7879995438601
S34,UL,Ignored Visual Field,Active,Post_2,Right,0.6981132075471698,312.6221256207506
S34,UL,Attended Visual Field,Active,Post_2,Left,0.7037037037037037,276.2271864999935
S35,Bi,Control,Active,Post_2,Right,0.5,308.4042337607108
S35,Bi,Control,Active,Post_2,Left,0.6666666666666666,293.07162990175055
S36,UR,Ignored Visual Field,Active,Post_2,Left,0.6065573770491803,263.08370584264765
S36,UR,Attended Visual Field,Active,Post_2,Right,0.6666666666666666,338.54883321502905
S37,Bi,Control,Active,Post_2,Right,0.6875,284.73402815001583
S37,Bi,Control,Active,Post_2,Left,0.543859649122807,314.454657898259
S38,UL,Ignored Visual Field,Active,Post_2,Right,0.5957446808510638,264.4080983170209
S38,UL,Attended Visual Field,Active,Post_2,Left,0.5,284.37667199999953
S39,Bi,Control,Active,Post_2,Right,0.5094339622641509,275.064383490569
S39,Bi,Control,Active,Post_2,Left,0.7049180327868853,317.16052339672586
